person_organization_id,person_idref,organization_idref,timestamp
225,1,1,"2014-07-29 20:52:18"
226,2,1,"2014-07-29 20:52:18"
227,3,1,"2014-07-29 20:52:18"
228,4,1,"2014-07-29 20:52:18"
229,5,1,"2014-07-29 20:52:18"
230,6,1,"2014-07-29 20:52:18"
231,7,1,"2014-07-29 20:52:18"
232,8,1,"2014-07-29 20:52:18"
233,9,1,"2014-07-29 20:52:18"
234,10,1,"2014-07-29 20:52:18"
235,11,1,"2014-07-29 20:52:18"
236,12,1,"2014-07-29 20:52:18"
237,13,1,"2014-07-29 20:52:18"
238,14,1,"2014-07-29 20:52:18"
239,15,1,"2014-07-29 20:52:18"
240,16,1,"2014-07-29 20:52:18"
241,17,1,"2014-07-29 20:52:18"
242,18,1,"2014-07-29 20:52:18"
243,19,1,"2014-07-29 20:52:18"
244,20,1,"2014-07-29 20:52:18"
245,21,1,"2014-07-29 20:52:18"
246,22,1,"2014-07-29 20:52:18"
247,23,1,"2014-07-29 20:52:18"
248,24,1,"2014-07-29 20:52:18"
249,25,1,"2014-07-29 20:52:18"
250,26,1,"2014-07-29 20:52:18"
251,27,1,"2014-07-29 20:52:18"
252,28,1,"2014-07-29 20:52:18"
253,29,1,"2014-07-29 20:52:18"
254,30,1,"2014-07-29 20:52:18"
255,31,1,"2014-07-29 20:52:18"
256,32,1,"2014-07-29 20:52:18"
257,33,1,"2014-07-29 20:52:18"
258,34,1,"2014-07-29 20:52:18"
259,35,1,"2014-07-29 20:52:18"
260,36,1,"2014-07-29 20:52:18"
261,37,1,"2014-07-29 20:52:18"
262,38,1,"2014-07-29 20:52:18"
263,39,1,"2014-07-29 20:52:18"
264,40,1,"2014-07-29 20:52:18"
265,41,1,"2014-07-29 20:52:18"
266,42,1,"2014-07-29 20:52:18"
267,43,1,"2014-07-29 20:52:18"
268,44,1,"2014-07-29 20:52:18"
269,45,1,"2014-07-29 20:52:18"
270,46,1,"2014-07-29 20:52:18"
271,47,1,"2014-07-29 20:52:18"
272,48,1,"2014-07-29 20:52:18"
273,49,1,"2014-07-29 20:52:18"
274,50,1,"2014-07-29 20:52:18"
275,51,1,"2014-07-29 20:52:18"
276,52,1,"2014-07-29 20:52:18"
277,53,1,"2014-07-29 20:52:18"
278,54,1,"2014-07-29 20:52:18"
279,55,1,"2014-07-29 20:52:18"
280,56,1,"2014-07-29 20:52:18"
281,57,1,"2014-07-29 20:52:18"
282,58,1,"2014-07-29 20:52:18"
283,59,1,"2014-07-29 20:52:18"
